<core:FragmentDefinition xmlns:core="sap.ui.core" xmlns="sap.m" xmlns:form="sap.ui.layout.form">
	<Table id="idTable" items="{/suppliers}">
		<headerToolbar>
			<Toolbar>
				<ToolbarSpacer></ToolbarSpacer>
				<Button icon="sap-icon://filter" tooltip="Country Filter" press="onFilter"></Button>
			</Toolbar>
		</headerToolbar>
		<columns>
			<Column>
				<Text text="Name"></Text>
			</Column>
			<Column>
				<Text text="City"></Text>
			</Column>
			<Column>
				<Text text="Since"></Text>
			</Column>
				<Column>
				<Text text="Country"></Text>
			</Column>
		</columns>
		<items>
			<ColumnListItem>
				<cells>
					<Text text="{name}"></Text>
					<Input value="{city}" showValueHelp="true" valueHelpRequest="onF4Help"></Input>
					<Text text="{sinceWhen}"></Text>
					<Text text="{country}"></Text>
				</cells>
			</ColumnListItem>
		</items>
	</Table>
</core:FragmentDefinition>